N°,Nombres y apellidos,Cargo,Empresa/Contratista,Hora llegada,Hora salida,Observación
1,Lina Marcela Viana,MA,CAB,6:00 AM,1:30 PM,
2,Indalecio Pedraza,Obrero,CAB,6:00 AM,1:30 PM,Nombre por confirmar
3,Stiven Canchila,Obrero,CAB,6:00 AM,1:30 PM,
4,Luis Carlos Castro,Obrero,CAB,6:00 AM,1:30 PM,
5,Jessica Fernanda Castro Acuña,MA,CAB,6:00 AM,1:30 PM,Segundo apellido por confirmar
6,Yulieth Mendoza,Obrero,CAB,6:00 AM,1:30 PM,
7,Johana Ortega Polanco,Obrero,CAB,6:00 AM,1:30 PM,
8,Yuseth Esparragoza,Obrero,CAB,6:00 AM,1:30 PM,Nombre ilegible - confirmar
9,Wilinton Ortiz de Ávila,Obrero,CAB,6:00 AM,1:30 PM,
10,Jorge M. Pertuz F.,Obrero,CAB,6:00 AM,1:30 PM,
11,Jhon Becker Romero Calero,Obrero,CAB,6:00 AM,1:30 PM,Nombre por confirmar
12,Juan Esteban Gutiérrez,Obrero,CAB,6:00 AM,1:30 PM,
13,Camilo Vega,Obrero,CAB,6:00 AM,1:30 PM,
14,Carlos Cárdenas,Obrero,CAB,6:00 AM,1:30 PM,
15,Óscar J. Castro Hill,Obrero,CAB,6:00 AM,1:30 PM,
16,Yossein Anillo Flórez,Obrero,CAB,6:00 AM,1:30 PM,Nombre ilegible - confirmar
17,Germán Andrés Ortega Polanco,Obrero,CAB,6:00 AM,1:30 PM,
18,Manuel R. Betancourt,Obrero,CAB,6:00 AM,1:30 PM,Apellido por confirmar
19,Dairo Andrés Ruiz,Obrero,CAB,6:00 AM,1:30 PM,Nombre ilegible - confirmar
